Abha,indian,female
Abhay,indian,male
Abhilasha,indian,female
Adesh,indian,male
Adhik,indian,male
Adhita,indian,female
Adita,indian,female
Aditi,indian,female
Aditya,indian,male
Agni,indian,male
Aishwarya,indian,female
Ajay,indian,male
Ajeet,indian,male
Ajit,indian,male
Ajith,indian,male
Akanksha,indian,female
Akash,indian,male
Akhil,indian,male
Amala,indian,female
Amar,indian,male
Ambâ,indian,female
Amit,indian,male
Amita,indian,female
Amrit,indian,male
Amrita,indian,female
Anand,indian,male
Ananda,indian,female
Ananden,indian,male
Anandha,indian,male
Anandi,indian,female
Anandita,indian,female
Anant,indian,male
Ananta,indian,female
Ananta-Sesa,indian,male
Anantee,indian,female
Ananth,indian,male
Anantha,indian,female
Anil,indian,male
Anila,indian,female
Anima,indian,female
Aniruddha,indian,male
Anish,indian,male
Anjali,indian,female
Ankita,indian,female
Ankur,indian,male
Antrija,indian,female
Anuj,indian,male
Anuja,indian,female
Anupam,indian,male
Anupama,indian,female
Aparajita,indian,female
Appassamy,indian,female
Aradhana,indian,female
Aravind,indian,male
Aravinda,indian,male
Archana,indian,female
Arjun,indian,male
Arjuna,indian,male
Arun,indian,male
Aruna,indian,male
Arundhati,indian,female
Arya,indian,female
Aseem,indian,male
Asha,indian,female
Ashok,indian,male
Ashoka,indian,male
Avani,indian,female
Avanti,indian,female
Avinash,indian,male
Bagavathy,indian,female
Bakula,indian,female
Bala,indian,female
Baladeva,indian,male
Baldev,indian,male
Bharat,indian,male
Bharata,indian,male
Bhaskar,indian,male
Bhaskara,indian,male
Bhavana,indian,female
Bhavani,indian,female
Bishen,indian,male
Brahma,indian,male
Brijesh,indian,male
Brijesha,indian,male
Brinda,indian,female
Buddha,indian,male
Candravali,indian,female
Carliaye,indian,female
Carma,indian,female
Carpanin,indian,male
Chanda,indian,female
Chandan,indian,male
Chandana,indian,female
Chander,indian,male
Chandi,indian,female
Chandra,indian,female
Chandrakant,indian,male
Chandra-Kanta,indian,female
Chandrakanta,indian,female
Chandraradj,indian,male
Chanemouga,indian,male
Chanemougam,indian,male
Chatrapatty,indian,female
Chetan,indian,male
Chetana,indian,female
Chiranjeevi,indian,male
Chiranjivi,indian,male
Chitra,indian,female
Cooldeepac,indian,male
Dalini,indian,female
Damayandi,indian,female
Damayanti,indian,female
Damodar,indian,male
Damodara,indian,male
Darmèsh,indian,male
Darshan,indian,male
Darshana,indian,female
Daya,indian,female
Dayanand,indian,male
Dayaram,indian,male
Deepak,indian,male
Deepali,indian,female
Deepti,indian,female
Deo,indian,male
Deodan,indian,male
Dev,indian,male
Deva,indian,male
Devadas,indian,male
Devaki,indian,female
Devaraja,indian,male
Devayanne,indian,male
Devdan,indian,male
Devdas,indian,male
Devi,indian,female
Devika,indian,female
Devmani,indian,male
Devraj,indian,male
Dhananjay,indian,male
Dharma,indian,male
Dharmaradj,indian,male
Dhaval,indian,male
Dhruva,indian,male
Dilip,indian,male
Dilipa,indian,male
Dinesh,indian,male
Dipa,indian,female
Dipak,indian,male
Dipaka,indian,male
Dipali,indian,female
Dipika,indian,female
Dipti,indian,female
Diti,indian,female
Divya,indian,female
Divyesh,indian,male
Djagarajen,indian,male
Djayssen,indian,male
Djeyam,indian,male
Dourgavati,indian,female
Draupadi,indian,female
Drishti,indian,female
Drupada,indian,male
Duleep,indian,male
Durga,indian,female
Esha,indian,female
Ganapati,indian,male
Ganesh,indian,male
Ganesha,indian,male
Gauri,indian,female
Gautam,indian,male
Gautama,indian,male
Gayatri,indian,female
Geeta,indian,female
Geevarghese,indian,male
Girish,indian,male
Girisha,indian,male
Gita,indian,female
Gitika,indian,female
Gobind,indian,male
Godavari,indian,female
Gomati,indian,female
Gopal,indian,male
Gopala,indian,male
Gopalkrishna,indian,male
Gopi,indian,female
Gopika,indian,female
Gopinath,indian,male
Gopinatha,indian,male
Gotam,indian,male
Gotama,indian,male
Govind,indian,male
Govinda,indian,male
Govinden,indian,male
Gowri,indian,female
Hamsa,indian,female
Harendra,indian,male
Hari,indian,male
Harinder,indian,male
Harish,indian,male
Harisha,indian,male
Harishankar,indian,male
Harsha,indian,male
Harshad,indian,male
Harshal,indian,male
Hemachandra,indian,male
Ila,indian,female
Ilango,indian,male
Ilanila,indian,female
Inderjit,indian,female
Inderpal,indian,male
Indira,indian,female
Indra,indian,male
Indrajit,indian,male
Indrani,indian,female
Indu,indian,female
Isha,indian,male
Ishvara,indian,male
Ishwari,indian,male
Itesh,indian,male
Jagannath,indian,male
Jagannatha,indian,male
Jagdish,indian,male
Jagjit,indian,male
Jai,indian,male
Jaidev,indian,male
Jarita,indian,female
Jaswinder,indian,female
Jaya,indian,female
Jayani,indian,female
Jayant,indian,male
Jayanta,indian,male
Jayanti,indian,female
Jayashri,indian,female
Jayendra,indian,male
Jaywant,indian,male
Jeetendra,indian,male
Jitender,indian,male
Jitendra,indian,male
Jitinder,indian,male
Jiva,indian,male
Jivan,indian,male
Jyoti,indian,female
Jyotsana,indian,female
Jyotsna,indian,female
Kadivel,indian,male
Kadrivel,indian,male
Kailash,indian,male
Kajal,indian,female
Kala,indian,female
Kali,indian,female
Kalidas,indian,male
Kalidasa,indian,male
Kalika,indian,female
Kalinda,indian,female
Kalpana,indian,female
Kalyan,indian,male
Kalyana,indian,male
Kalyana-Shraddhâ,indian,female
Kalyani,indian,female
Kama,indian,male
Kamala,indian,female
Kamaradj,indian,male
Kamini,indian,female
Kanaman,indian,female
Kanchana,indian,female
Kanda-Koumarane,indian,male
Kanilja,indian,female
Kanta,indian,female
Kanti,indian,female
Kanyâ-Koumari,indian,female
Kapil,indian,male
Kapila,indian,male
Karan,indian,male
Karishma,indian,female
Kariyamna,indian,female
Karlaye,indian,female
Karliaye,indian,female
Karna,indian,male
Kartikeya,indian,male
Karuna,indian,female
Kashi,indian,female
Kasi,indian,female
Kaur,indian,female
Kausalya,indian,female
Kaveri,indian,female
Kavi,indian,male
Kavita,indian,female
Kesavane,indian,male
Kesaven,indian,male
Keshava,indian,female
Keshavan,indian,male
Kessavamohane,indian,male
Kessavaperoumal,indian,male
Kevala,indian,female
Keya,indian,male
Kichenin,indian,male
Kiran,indian,female
Kirti,indian,female
Kirtida,indian,female
Kishan,indian,male
Kishen,indian,male
Kishor,indian,male
Kishore,indian,male
Kishori,indian,female
Kistna,indian,male
Komari,indian,male
Komathy,indian,female
Koumari,indian,female
Krishna,indian,male
Krishnaraja,indian,male
Krishnin,indian,male
Kshitij,indian,male
Kshitija,indian,female
Kumar,indian,male
Kumara,indian,male
Kumaren,indian,male
Kumari,indian,female
Kunal,indian,male
Kunala,indian,male
Kunti,indian,female
Ladha,indian,female
Laïli,indian,female
Lajili,indian,female
Lakshman,indian,male
Lakshmana,indian,male
Lakshmi,indian,female
Lal,indian,male
Lalit,indian,male
Lalita,indian,female
Lalitha,indian,female
Lallida,indian,female
Lata,indian,female
Lavanya,indian,female
Laxman,indian,male
Laxmi,indian,female
Leela,indian,female
Leka,indian,female
Lekha,indian,male
Lila,indian,female
Lilavady,indian,female
Lilavati,indian,female
Lochan,indian,male
Lochana,indian,female
Lutchmayah,indian,female
Madhav,indian,male
Madhava,indian,male
Madhavi,indian,female
Madhu,indian,female
Madhukar,indian,male
Madhur,indian,female
Madhuri,indian,female
Madhurya,indian,female
Mahavir,indian,male
Mahavira,indian,male
Mahendra,indian,male
Mahesh,indian,male
Mahesha,indian,male
Mahinder,indian,male
Mala,indian,female
Malati,indian,female
Malini,indian,female
Mandeep,indian,female
Mani,indian,male
Manickam,indian,male
Maninder,indian,male
Manish,indian,male
Manisha,indian,female
Manjika,indian,female
Manju,indian,female
Manjula,indian,female
Manjusha,indian,female
Manu,indian,male
Maya,indian,female
Mayur,indian,male
Meena,indian,female
Meera,indian,female
Minakshi,indian,female
Minali,indian,female
Minatchy,indian,female
Mira,indian,female
Mitul,indian,male
Mogaya,indian,male
Mohan,indian,male
Mohana,indian,female
Mohandas,indian,male
Mohinder,indian,male
Mohini,indian,female
Moryl,indian,male
Mounoussamy,indian,male
Mridula,indian,female
Mukesh,indian,male
Mukesha,indian,male
Mukta,indian,female
Mukul,indian,male
Murali,indian,male
Murugan,indian,male
Nagendra,indian,male
Nala,indian,male
Nalini,indian,female
Nanda,indian,male
Nandini,indian,female
Nandita,indian,female
Naouman,indian,female
Narayan,indian,male
Narayana,indian,male
Narayanin,indian,male
Narendra,indian,male
Narinder,indian,male
Nataraj,indian,male
Naveen,indian,male
Navin,indian,male
Neela,indian,female
Neelam,indian,female
Neha,indian,female
Nidra,indian,female
Nikhil,indian,male
Nikhila,indian,female
Nil,indian,male
Nila,indian,female
Nilam,indian,female
Nilima,indian,female
Ninad,indian,male
Niraj,indian,male
Nirav,indian,male
Nirmal,indian,male
Nirmala,indian,female
Nirupama,indian,female
Nisha,indian,female
Nishant,indian,male
Nithya,indian,female
Nitia,indian,female
Nitika,indian,female
Nitin,indian,male
Nitya,indian,female
Om,indian,male
