City,State,Country
Port Blair,Andaman and Nicobar Islands,India
Adoni,Andhra Pradesh,India
Amaravati,Andhra Pradesh,India
Anantapur,Andhra Pradesh,India
Chandragiri,Andhra Pradesh,India
Chittoor,Andhra Pradesh,India
Dowlaiswaram,Andhra Pradesh,India
Eluru,Andhra Pradesh,India
Guntur,Andhra Pradesh,India
Kadapa,Andhra Pradesh,India
Kakinada,Andhra Pradesh,India
Kurnool,Andhra Pradesh,India
Machilipatnam,Andhra Pradesh,India
Nagarjunakoṇḍa,Andhra Pradesh,India
Rajahmundry,Andhra Pradesh,India
Srikakulam,Andhra Pradesh,India
Tirupati,Andhra Pradesh,India
Vijayawada,Andhra Pradesh,India
Visakhapatnam,Andhra Pradesh,India
Vizianagaram,Andhra Pradesh,India
Yemmiganur,Andhra Pradesh,India
Itanagar,Arunachal Pradesh,India
Dhuburi,Assam,India
Dibrugarh,Assam,India
Dispur,Assam,India
Guwahati,Assam,India
Jorhat,Assam,India
Nagaon,Assam,India
Sibsagar,Assam,India
Silchar,Assam,India
Tezpur,Assam,India
Tinsukia,Assam,India
Ara,Bihar,India
Baruni,Bihar,India
Begusarai,Bihar,India
Bettiah,Bihar,India
Bhagalpur,Bihar,India
Bihar Sharif,Bihar,India
Bodh Gaya,Bihar,India
Buxar,Bihar,India
Chapra,Bihar,India
Darbhanga,Bihar,India
Dehri,Bihar,India
Dinapur Nizamat,Bihar,India
Gaya,Bihar,India
Hajipur,Bihar,India
Jamalpur,Bihar,India
Katihar,Bihar,India
Madhubani,Bihar,India
Motihari,Bihar,India
Munger,Bihar,India
Muzaffarpur,Bihar,India
Patna,Bihar,India
Purnia,Bihar,India
Pusa,Bihar,India
Saharsa,Bihar,India
Samastipur,Bihar,India
Sasaram,Bihar,India
Sitamarhi,Bihar,India
Siwan,Bihar,India
Chandigarh,Chhattisgarh,India
Ambikapur,Chhattisgarh,India
Bhilai,Chhattisgarh,India
Bilaspur,Chhattisgarh,India
Dhamtari,Chhattisgarh,India
Durg,Chhattisgarh,India
Jagdalpur,Chhattisgarh,India
Raipur,Chhattisgarh,India
Rajnandgaon,Chhattisgarh,India
Silvassa,Dadra and Nagar Haveli,India
Daman,Daman and Diu,India
Diu,Daman and Diu,India
Delhi,Delhi,India
New Delhi,Delhi,India
Madgaon,Goa,India
Panaji,Goa,India
Ahmadabad,Gujarat,India
Amreli,Gujarat,India
Bharuch,Gujarat,India
Bhavnagar,Gujarat,India
Bhuj,Gujarat,India
Dwarka,Gujarat,India
Gandhinagar,Gujarat,India
Godhra,Gujarat,India
Jamnagar,Gujarat,India
Junagadh,Gujarat,India
Kandla,Gujarat,India
Khambhat,Gujarat,India
Kheda,Gujarat,India
Mahesana,Gujarat,India
Morvi,Gujarat,India
Nadiad,Gujarat,India
Navsari,Gujarat,India
Okha,Gujarat,India
Palanpur,Gujarat,India
Patan,Gujarat,India
Porbandar,Gujarat,India
Rajkot,Gujarat,India
Surat,Gujarat,India
Surendranagar,Gujarat,India
Valsad,Gujarat,India
Veraval,Gujarat,India
Ambala,Haryana,India
Bhiwani,Haryana,India
Chandigarh,Haryana,India
Faridabad,Haryana,India
Firozpur Jhirka,Haryana,India
Gurgaon,Haryana,India
Hansi,Haryana,India
Hisar,Haryana,India
Jind,Haryana,India
Kaithal,Haryana,India
Karnal,Haryana,India
Kurukshetra,Haryana,India
Panipat,Haryana,India
Pehowa,Haryana,India
Rewari,Haryana,India
Rohtak,Haryana,India
Sirsa,Haryana,India
Sonipat,Haryana,India
Bilaspur,Himachal Pradesh,India
Chamba,Himachal Pradesh,India
Dalhousie,Himachal Pradesh,India
Dharmshala,Himachal Pradesh,India
Hamirpur,Himachal Pradesh,India
Kangra,Himachal Pradesh,India
Kullu,Himachal Pradesh,India
Mandi,Himachal Pradesh,India
Nahan,Himachal Pradesh,India
Shimla,Himachal Pradesh,India
Una,Himachal Pradesh,India
Anantnag,Jammu and Kashmir,India
Baramula,Jammu and Kashmir,India
Doda,Jammu and Kashmir,India
Gulmarg,Jammu and Kashmir,India
Jammu,Jammu and Kashmir,India
Kathua,Jammu and Kashmir,India
Leh,Jammu and Kashmir,India
Punch,Jammu and Kashmir,India
Rajauri,Jammu and Kashmir,India
Srinagar,Jammu and Kashmir,India
Udhampur,Jammu and Kashmir,India
Bokaro,Jharkhand,India
Chaibasa,Jharkhand,India
Deoghar,Jharkhand,India
Dhanbad,Jharkhand,India
Dumka,Jharkhand,India
Giridih,Jharkhand,India
Hazaribag,Jharkhand,India
Jamshedpur,Jharkhand,India
Jharia,Jharkhand,India
Rajmahal,Jharkhand,India
Ranchi,Jharkhand,India
Saraikela,Jharkhand,India
Badami,Karnataka,India
Ballari,Karnataka,India
Bangalore,Karnataka,India
Belgavi,Karnataka,India
Bhadravati,Karnataka,India
Bidar,Karnataka,India
Chikkamagaluru,Karnataka,India
Chitradurga,Karnataka,India
Davangere,Karnataka,India
Halebid,Karnataka,India
Hassan,Karnataka,India
Hubballi-Dharwad,Karnataka,India
Kalaburagi,Karnataka,India
Kolar,Karnataka,India
Madikeri,Karnataka,India
Mandya,Karnataka,India
Mangaluru,Karnataka,India
Mysuru,Karnataka,India
Raichur,Karnataka,India
Shivamogga,Karnataka,India
Shravanabelagola,Karnataka,India
Shrirangapattana,Karnataka,India
Tumkuru,Karnataka,India
Alappuzha,Kerala,India
Badagara,Kerala,India
Idukki,Kerala,India
Kannur,Kerala,India
Kochi,Kerala,India
Kollam,Kerala,India
Kottayam,Kerala,India
Kozhikode,Kerala,India
Mattancheri,Kerala,India
Palakkad,Kerala,India
Thalassery,Kerala,India
Thiruvananthapuram,Kerala,India
Thrissur,Kerala,India
Balaghat,Madhya Pradesh,India
Barwani,Madhya Pradesh,India
Betul,Madhya Pradesh,India
Bharhut,Madhya Pradesh,India
Bhind,Madhya Pradesh,India
Bhojpur,Madhya Pradesh,India
Bhopal,Madhya Pradesh,India
Burhanpur,Madhya Pradesh,India
Chhatarpur,Madhya Pradesh,India
Chhindwara,Madhya Pradesh,India
Damoh,Madhya Pradesh,India
Datia,Madhya Pradesh,India
Dewas,Madhya Pradesh,India
Dhar,Madhya Pradesh,India
Guna,Madhya Pradesh,India
Gwalior,Madhya Pradesh,India
Hoshangabad,Madhya Pradesh,India
Indore,Madhya Pradesh,India
Itarsi,Madhya Pradesh,India
Jabalpur,Madhya Pradesh,India
Jhabua,Madhya Pradesh,India
Khajuraho,Madhya Pradesh,India
Khandwa,Madhya Pradesh,India
Khargon,Madhya Pradesh,India
Maheshwar,Madhya Pradesh,India
Mandla,Madhya Pradesh,India
Mandsaur,Madhya Pradesh,India
Mhow,Madhya Pradesh,India
Morena,Madhya Pradesh,India
Murwara,Madhya Pradesh,India
Narsimhapur,Madhya Pradesh,India
Narsinghgarh,Madhya Pradesh,India
Narwar,Madhya Pradesh,India
Neemuch,Madhya Pradesh,India
Nowgong,Madhya Pradesh,India
Orchha,Madhya Pradesh,India
Panna,Madhya Pradesh,India
Raisen,Madhya Pradesh,India
Rajgarh,Madhya Pradesh,India
Ratlam,Madhya Pradesh,India
Rewa,Madhya Pradesh,India
Sagar,Madhya Pradesh,India
Sarangpur,Madhya Pradesh,India
Satna,Madhya Pradesh,India
Sehore,Madhya Pradesh,India
Seoni,Madhya Pradesh,India
Shahdol,Madhya Pradesh,India
Shajapur,Madhya Pradesh,India
Sheopur,Madhya Pradesh,India
Shivpuri,Madhya Pradesh,India
Ujjain,Madhya Pradesh,India
Vidisha,Madhya Pradesh,India
Ahmadnagar,Maharashtra,India
Akola,Maharashtra,India
Amravati,Maharashtra,India
Aurangabad,Maharashtra,India
Bhandara,Maharashtra,India
Bhusawal,Maharashtra,India
Bid,Maharashtra,India
Buldana,Maharashtra,India
Chandrapur,Maharashtra,India
Daulatabad,Maharashtra,India
Dhule,Maharashtra,India
Jalgaon,Maharashtra,India
Kalyan,Maharashtra,India
Karli,Maharashtra,India
Kolhapur,Maharashtra,India
Mahabaleshwar,Maharashtra,India
Malegaon,Maharashtra,India
Matheran,Maharashtra,India
Mumbai,Maharashtra,India
Nagpur,Maharashtra,India
Nanded,Maharashtra,India
Nashik,Maharashtra,India
Osmanabad,Maharashtra,India
Pandharpur,Maharashtra,India
Parbhani,Maharashtra,India
Pune,Maharashtra,India
Ratnagiri,Maharashtra,India
Sangli,Maharashtra,India
Satara,Maharashtra,India
Sevagram,Maharashtra,India
Solapur,Maharashtra,India
Thane,Maharashtra,India
Ulhasnagar,Maharashtra,India
Vasai-Virar,Maharashtra,India
Wardha,Maharashtra,India
Yavatmal,Maharashtra,India
Imphal,Manipur,India
Cherrapunji,Meghalaya,India
Shillong,Meghalaya,India
Aizawl,Mizoram,India
Lunglei,Mizoram,India
Kohima,Nagaland,India
Mon,Nagaland,India
Phek,Nagaland,India
Wokha,Nagaland,India
Zunheboto,Nagaland,India
Balangir,Odisha,India
Baleshwar,Odisha,India
Baripada,Odisha,India
Bhubaneshwar,Odisha,India
Brahmapur,Odisha,India
Cuttack,Odisha,India
Dhenkanal,Odisha,India
Keonjhar,Odisha,India
Konark,Odisha,India
Koraput,Odisha,India
Paradip,Odisha,India
Phulabani,Odisha,India
Puri,Odisha,India
Sambalpur,Odisha,India
Udayagiri,Odisha,India
Karaikal,Puducherry,India
Mahe,Puducherry,India
Puducherry,Puducherry,India
Yanam,Puducherry,India
Amritsar,Punjab,India
Batala,Punjab,India
Chandigarh,Punjab,India
Faridkot,Punjab,India
Firozpur,Punjab,India
Gurdaspur,Punjab,India
Hoshiarpur,Punjab,India
Jalandhar,Punjab,India
Kapurthala,Punjab,India
Ludhiana,Punjab,India
Nabha,Punjab,India
Patiala,Punjab,India
Rupnagar,Punjab,India
Sangrur,Punjab,India
Abu,Rajasthan,India
Ajmer,Rajasthan,India
Alwar,Rajasthan,India
Amer,Rajasthan,India
Barmer,Rajasthan,India
Beawar,Rajasthan,India
Bharatpur,Rajasthan,India
Bhilwara,Rajasthan,India
Bikaner,Rajasthan,India
Bundi,Rajasthan,India
Chittaurgarh,Rajasthan,India
Churu,Rajasthan,India
Dhaulpur,Rajasthan,India
Dungarpur,Rajasthan,India
Ganganagar,Rajasthan,India
Hanumangarh,Rajasthan,India
Jaipur,Rajasthan,India
Jaisalmer,Rajasthan,India
Jalor,Rajasthan,India
Jhalawar,Rajasthan,India
Jhunjhunu,Rajasthan,India
Jodhpur,Rajasthan,India
Kishangarh,Rajasthan,India
Kota,Rajasthan,India
Merta,Rajasthan,India
Nagaur,Rajasthan,India
Nathdwara,Rajasthan,India
Pali,Rajasthan,India
Phalodi,Rajasthan,India
Pushkar,Rajasthan,India
Sawai Madhopur,Rajasthan,India
Shahpura,Rajasthan,India
Sikar,Rajasthan,India
Sirohi,Rajasthan,India
Tonk,Rajasthan,India
Udaipur,Rajasthan,India
Gangtok,Sikkim,India
Gyalsing,Sikkim,India
Lachung,Sikkim,India
Mangan,Sikkim,India
Arcot,Tamil Nadu,India
Chengalpattu,Tamil Nadu,India
Chennai,Tamil Nadu,India
Chidambaram,Tamil Nadu,India
Coimbatore,Tamil Nadu,India
Cuddalore,Tamil Nadu,India
Dharmapuri,Tamil Nadu,India
Dindigul,Tamil Nadu,India
Erode,Tamil Nadu,India
Kanchipuram,Tamil Nadu,India
Kanniyakumari,Tamil Nadu,India
Kodaikanal,Tamil Nadu,India
Kumbakonam,Tamil Nadu,India
Madurai,Tamil Nadu,India
Mamallapuram,Tamil Nadu,India
Nagappattinam,Tamil Nadu,India
Nagercoil,Tamil Nadu,India
Palayankottai,Tamil Nadu,India
Pudukkottai,Tamil Nadu,India
Rajapalaiyam,Tamil Nadu,India
Ramanathapuram,Tamil Nadu,India
Salem,Tamil Nadu,India
Thanjavur,Tamil Nadu,India
Tiruchchirappalli,Tamil Nadu,India
Tirunelveli,Tamil Nadu,India
Tiruppur,Tamil Nadu,India
Tuticorin,Tamil Nadu,India
Udhagamandalam,Tamil Nadu,India
Vellore,Tamil Nadu,India
Hyderabad,Telangana,India
Karimnagar,Telangana,India
Khammam,Telangana,India
Mahbubnagar,Telangana,India
Nizamabad,Telangana,India
Sangareddi,Telangana,India
Warangal,Telangana,India
Agartala,Tripura,India
Agra,Uttar Pradesh,India
Aligarh,Uttar Pradesh,India
Amroha,Uttar Pradesh,India
Ayodhya,Uttar Pradesh,India
Azamgarh,Uttar Pradesh,India
Bahraich,Uttar Pradesh,India
Ballia,Uttar Pradesh,India
Banda,Uttar Pradesh,India
Bara Banki,Uttar Pradesh,India
Bareilly,Uttar Pradesh,India
Basti,Uttar Pradesh,India
Bijnor,Uttar Pradesh,India
Bithur,Uttar Pradesh,India
Budaun,Uttar Pradesh,India
Bulandshahr,Uttar Pradesh,India
Deoria,Uttar Pradesh,India
Etah,Uttar Pradesh,India
Etawah,Uttar Pradesh,India
Faizabad,Uttar Pradesh,India
Farrukhabad-cum-Fatehgarh,Uttar Pradesh,India
Fatehpur,Uttar Pradesh,India
Fatehpur Sikri,Uttar Pradesh,India
Ghaziabad,Uttar Pradesh,India
Ghazipur,Uttar Pradesh,India
Gonda,Uttar Pradesh,India
Gorakhpur,Uttar Pradesh,India
Hamirpur,Uttar Pradesh,India
Hardoi,Uttar Pradesh,India
Hathras,Uttar Pradesh,India
Jalaun,Uttar Pradesh,India
Jaunpur,Uttar Pradesh,India
Jhansi,Uttar Pradesh,India
Kannauj,Uttar Pradesh,India
Kanpur,Uttar Pradesh,India
Lakhimpur,Uttar Pradesh,India
Lalitpur,Uttar Pradesh,India
Lucknow,Uttar Pradesh,India
Mainpuri,Uttar Pradesh,India
Mathura,Uttar Pradesh,India
Meerut,Uttar Pradesh,India
Mirzapur-Vindhyachal,Uttar Pradesh,India
Moradabad,Uttar Pradesh,India
Muzaffarnagar,Uttar Pradesh,India
Partapgarh,Uttar Pradesh,India
Pilibhit,Uttar Pradesh,India
Prayagraj,Uttar Pradesh,India
Rae Bareli,Uttar Pradesh,India
Rampur,Uttar Pradesh,India
Saharanpur,Uttar Pradesh,India
Sambhal,Uttar Pradesh,India
Shahjahanpur,Uttar Pradesh,India
Sitapur,Uttar Pradesh,India
Sultanpur,Uttar Pradesh,India
Tehri,Uttar Pradesh,India
Varanasi,Uttar Pradesh,India
Almora,Uttarakhand,India
Dehra Dun,Uttarakhand,India
Haridwar,Uttarakhand,India
Mussoorie,Uttarakhand,India
Nainital,Uttarakhand,India
Pithoragarh,Uttarakhand,India
Alipore,West Bengal,India
Alipur Duar,West Bengal,India
Asansol,West Bengal,India
Baharampur,West Bengal,India
Bally,West Bengal,India
Balurghat,West Bengal,India
Bankura,West Bengal,India
Baranagar,West Bengal,India
Barasat,West Bengal,India
Barrackpore,West Bengal,India
Basirhat,West Bengal,India
Bhatpara,West Bengal,India
Bishnupur,West Bengal,India
Budge Budge,West Bengal,India
Burdwan,West Bengal,India
Chandernagore,West Bengal,India
Darjiling,West Bengal,India
Diamond Harbour,West Bengal,India
Dum Dum,West Bengal,India
Durgapur,West Bengal,India
Halisahar,West Bengal,India
Haora,West Bengal,India
Hugli,West Bengal,India
Ingraj Bazar,West Bengal,India
Jalpaiguri,West Bengal,India
Kalimpong,West Bengal,India
Kamarhati,West Bengal,India
Kanchrapara,West Bengal,India
Kharagpur,West Bengal,India
Koch Bihar,West Bengal,India
Kolkata,West Bengal,India
Krishnanagar,West Bengal,India
Malda,West Bengal,India
Midnapore,West Bengal,India
Murshidabad,West Bengal,India
Navadwip,West Bengal,India
Palashi,West Bengal,India
Panihati,West Bengal,India
Purulia,West Bengal,India
Raiganj,West Bengal,India
Santipur,West Bengal,India
Shantiniketan,West Bengal,India
Shrirampur,West Bengal,India
Siliguri,West Bengal,India
Siuri,West Bengal,India
Tamluk,West Bengal,India
Titagarh,West Bengal,India
,,
,,
,,
,,
,,
,,
,,
,,
,,
,,
,,
,,
,,
,,
,,
,,
,,
,,
,,
,,
,,
,,
,,
,,
,,
,,
,,
,,
,,
,,
,,
,,
,,
,,
,,
,,
,,
,,
,,
,,
,,
,,
,,
,,
,,
,,
,,
