Acharya,indian
Agarwal,indian
Agate,indian
Aggarwal,indian
Agrawal,indian
Ahluwalia,indian
Ahuja,indian
Amble,indian
Anand,indian
Andra,indian
Anne,indian
Apte,indian
Arora,indian
Arya,indian
Atwal,indian
Aurora,indian
Babu,indian
Badal,indian
Badami,indian
Bahl,indian
Bahri,indian
Bail,indian
Bains,indian
Bajaj,indian
Bajwa,indian
Bakshi,indian
Bal,indian
Bala,indian
Bala,indian
Balakrishnan,indian
Balan,indian
Balasubramanian,indian
Balay,indian
Bali,indian
Bandi,indian
Banerjee,indian
Banik,indian
Bansal,indian
Barad,indian
Barad,indian
Baral,indian
Baria,indian
Barman,indian
Basak,indian
Bassi,indian
Basu,indian
Bath,indian
Batra,indian
Batta,indian
Bava,indian
Bawa,indian
Bedi,indian
Behl,indian
Ben,indian
Bera,indian
Bhagat,indian
Bhakta,indian
Bhalla,indian
Bhandari,indian
Bhardwaj,indian
Bhargava,indian
Bhasin,indian
Bhat,indian
Bhatia,indian
Bhatnagar,indian
Bhatt,indian
Bhattacharyya,indian
Bhatti,indian
Bhavsar,indian
Bir,indian
Biswas,indian
Boase,indian
Bobal,indian
Bora,indian
Bora,indian
Borah,indian
Borde,indian
Borra,indian
Bose,indian
Brahmbhatt,indian
Brar,indian
Buch,indian
Buch,indian
Bumb,indian
Butala,indian
Chacko,indian
Chad,indian
Chada,indian
Chadha,indian
Chahal,indian
Chakrabarti,indian
Chakraborty,indian
Chana,indian
Chand,indian
Chanda,indian
Chander,indian
Chandra,indian
Chandran,indian
Char,indian
Chatterjee,indian
Chaudhari,indian
Chaudhary,indian
Chaudhry,indian
Chaudhuri,indian
Chaudry,indian
Chauhan,indian
Chawla,indian
Cheema,indian
Cherian,indian
Chhabra,indian
Chokshi,indian
Chopra,indian
Choudhary,indian
Choudhry,indian
Choudhury,indian
Chowdhury,indian
Comar,indian
Contractor,indian
D’Alia,indian
Dada,indian
Dalal,indian
Dani,indian
Dar,indian
Dara,indian
Dara,indian
Das,indian
Dasgupta,indian
Dash,indian
Dass,indian
Date,indian
Datta,indian
Dave,indian
Dayal,indian
De,indian
Deep,indian
Deo,indian
Deol,indian
Desai,indian
Deshmukh,indian
Deshpande,indian
Devan,indian
Devi,indian
Dewan,indian
Dey,indian
Dhaliwal,indian
Dhar,indian
Dhar,indian
Dhawan,indian
Dhillon,indian
Dhingra,indian
Din,indian
Divan,indian
Dixit,indian
Doctor,indian
Dora,indian
Doshi,indian
Dua,indian
Dube,indian
Dubey,indian
Dugal,indian
Dugar,indian
Dugar,indian
Dutt,indian
Dutta,indian
Dyal,indian
Edwin,indian
Gaba,indian
Gade,indian
Gala,indian
Gandhi,indian
Ganesan,indian
Ganesh,indian
Ganguly,indian
Gara,indian
Garde,indian
Garg,indian
Gera,indian
Ghose,indian
Ghosh,indian
Gill,indian
Goda,indian
Goel,indian
Gokhale,indian
Gola,indian
Gole,indian
Golla,indian
Gopal,indian
Goswami,indian
Gour,indian
Goyal,indian
Grewal,indian
Grover,indian
Guha,indian
Gulati,indian
Gupta,indian
Halder,indian
Handa,indian
Hans,indian
Hari,indian
Hayer,indian
Hayre,indian
Hegde,indian
Hora,indian
Issac,indian
Iyengar,indian
Iyer,indian
Jaggi,indian
Jain,indian
Jani,indian
Jayaraman,indian
Jha,indian
Jhaveri,indian
Johal,indian
Joshi,indian
Kadakia,indian
Kade,indian
Kakar,indian
Kala,indian
Kala,indian
Kala,indian
Kale,indian
Kalita,indian
Kalla,indian
Kamdar,indian
Kanda,indian
Kannan,indian
Kant,indian
Kapadia,indian
Kapoor,indian
Kapur,indian
Kar,indian
Kara,indian
Karan,indian
Kari,indian
Karnik,indian
Karpe,indian
Kashyap,indian
Kata,indian
Kaul,indian
Kaur,indian
Keer,indian
Keer,indian
Khalsa,indian
Khanna,indian
Khare,indian
Khatri,indian
Khosla,indian
Khurana,indian
Kibe,indian
Kohli,indian
Konda,indian
Korpal,indian
Koshy,indian
Kota,indian
Kothari,indian
Krish,indian
Krishna,indian
Krishnamurthy,indian
Krishnan,indian
Kulkarni,indian
Kumar,indian
Kumer,indian
Kunda,indian
Kurian,indian
Kuruvilla,indian
Lad,indian
Lad,indian
Lal,indian
Lala,indian
Lall,indian
Lalla,indian
Lanka,indian
Lata,indian
Loke,indian
Loyal,indian
Luthra,indian
Madan,indian
Madan,indian
Magar,indian
Mahajan,indian
Mahal,indian
Maharaj,indian
Majumdar,indian
Malhotra,indian
Mall,indian
Mallick,indian
Mammen,indian
Mand,indian
Manda,indian
Mandal,indian
Mander,indian
Mane,indian
Mangal,indian
Mangat,indian
Mani,indian
Mani,indian
Mann,indian
Mannan,indian
Manne,indian
Master,indian
Mathai,indian
Mathur,indian
Matthai,indian
Meda,indian
Mehan,indian
Mehra,indian
Mehrotra,indian
Mehta,indian
Meka,indian
Memon,indian
Menon,indian
Merchant,indian
Minhas,indian
Mishra,indian
Misra,indian
Mistry,indian
Mital,indian
Mitra,indian
Mittal,indian
Mitter,indian
Modi,indian
Mody,indian
Mohan,indian
Mohanty,indian
Morar,indian
More,indian
Mukherjee,indian
Mukhopadhyay,indian
Muni,indian
Munshi,indian
Murthy,indian
Murty,indian
Mutti,indian
Nadig,indian
Nadkarni,indian
Nagar,indian
Nagarajan,indian
Nagi,indian
Nagy,indian
Naidu,indian
Naik,indian
Nair,indian
Nanda,indian
Narain,indian
Narang,indian
Narasimhan,indian
Narayan,indian
Narayanan,indian
Narula,indian
Natarajan,indian
Nath,indian
Natt,indian
Nayak,indian
Nayar,indian
Nazareth,indian
Nigam,indian
Nori,indian
Oak,indian
Om,indian
Oommen,indian
Oza,indian
Padmanabhan,indian
Pai,indian
Pal,indian
Palan,indian
Pall,indian
Palla,indian
Palla,indian
Panchal,indian
Pandey,indian
Pandit,indian
Pandya,indian
Pant,indian
Parekh,indian
Parikh,indian
Parmar,indian
Parmer,indian
Parsa,indian
Patel,indian
Pathak,indian
Patil,indian
Patla,indian
Patla,indian
Pau,indian
Peri,indian
Pillai,indian
Pillay,indian
Pingle,indian
Prabhakar,indian
Prabhu,indian
Pradhan,indian
Prakash,indian
Prasad,indian
Prashad,indian
Puri,indian
Purohit,indian
Radhakrishnan,indian
Raghavan,indian
Rai,indian
Rai,indian
Raj,indian
Raja,indian
Rajagopal,indian
Rajagopalan,indian
Rajan,indian
Raju,indian
Ram,indian
Rama,indian
Ramachandran,indian
Ramakrishnan,indian
Raman,indian
Ramanathan,indian
Ramaswamy,indian
Ramesh,indian
Rana,indian
Randhawa,indian
Ranganathan,indian
Rao,indian
Rastogi,indian
Ratta,indian
Rattan,indian
Ratti,indian
Rau,indian
Raval,indian
Ravel,indian
Ravi,indian
Ray,indian
Reddy,indian
Rege,indian
Rout,indian
Roy,indian
Sabharwal,indian
Sachar,indian
Sachdev,indian
Sachdeva,indian
Sagar,indian
Saha,indian
Sahni,indian
Sahota,indian
Saini,indian
Salvi,indian
Sama,indian
Sami,indian
Sampath,indian
Samra,indian
Sandal,indian
Sandhu,indian
Sane,indian
Sangha,indian
Sanghvi,indian
Sani,indian
Sankar,indian
Sankaran,indian
Sant,indian
Saraf,indian
Saran,indian
Sarin,indian
Sarkar,indian
Sarma,indian
Sarna,indian
Sarraf,indian
Sastry,indian
Sathe,indian
Savant,indian
Sawhney,indian
Saxena,indian
Sehgal,indian
Sekhon,indian
Sem,indian
Sen,indian
Sengupta,indian
Seshadri,indian
Seth,indian
Sethi,indian
Setty,indian
Sha,indian
Shah,indian
Shan,indian
Shankar,indian
Shanker,indian
Sharaf,indian
Sharma,indian
Shenoy,indian
Shere,indian
Sheth,indian
Shetty,indian
Shroff,indian
Shukla,indian
Sibal,indian
Sidhu,indian
Singh,indian
Singhal,indian
Sinha,indian
Sodhi,indian
Solanki,indian
Som,indian
Soman,indian
Soni,indian
Sood,indian
Sridhar,indian
Srinivas,indian
Srinivasan,indian
Srivastava,indian
Subramaniam,indian
Subramanian,indian
Sule,indian
Sundaram,indian
Sunder,indian
Sur,indian
Sura,indian
Suresh,indian
Suri,indian
Swaminathan,indian
Swamy,indian
Tailor,indian
Tak,indian
Talwar,indian
Tandon,indian
Taneja,indian
Tank,indian
Tara,indian
Tata,indian
Tella,indian
Thaker,indian
Thakkar,indian
Thakur,indian
Thaman,indian
Tiwari,indian
Toor,indian
Tripathi,indian
Trivedi,indian
Upadhyay,indian
Uppal,indian
Vaidya,indian
Vala,indian
Varghese,indian
Varkey,indian
Varma,indian
Varty,indian
Varughese,indian
Vasa,indian
Venkataraman,indian
Venkatesh,indian
Verma,indian
Vig,indian
Virk,indian
Viswanathan,indian
Vohra,indian
Vora,indian
Vyas,indian
Wable,indian
Wadhwa,indian
Wagle,indian
Wali,indian
Wali,indian
Walia,indian
Walla,indian
Warrior,indian
Wason,indian
Yadav,indian
Yogi,indian
Yohannan,indian
Zacharia,indian
Zachariah,indian
